cod;nombre;linea;material;apto_lavavajillas;instrucciones_lavado;descripcion;destacado
506;Abrelatas Uña Rojo;Abrelatas;;;;;
510;Abrelata Uña Cromado;Abrelatas;;;;;
501;Abrelatas A Manija;Abrelatas;;;;;
503E;Abrelatas Doble Engranaje;Abrelatas;;;;;
066;Abrelatas Super Mariposa;Abrelatas;;;;;
512;Abrelatas Mariposa Capuchon Rojo;Abrelatas;;;;;
502;Abrelatas Mariposa Cromado;Abrelatas;;;;;
511;Abrelatas Uña 3 En 1;Abrelatas;;;;;
500;Abrelata Uña Pie Color;Abrelatas;;;;;
505;Pelador mango Plástico;Peladores y pelapapas;;;;;El pelapapas más vendido de Mercado Libre Argentina (octubre 2026)
513;Pelador mango Metálico;Peladores y pelapapas;;;;;
586;Pelapapas mango Ergonomico;Peladores y pelapapas;;;;;
587;Pelador Metálico Corte Laser;Peladores y pelapapas;;;;;
598E;Pelador Negro Dentado;Peladores y pelapapas;;;;;
589E;Pelador mango Acrílico;Peladores y pelapapas;;;;;
599E;Pelador Madera Multifunción;Peladores y pelapapas;;;;;
816E;Pelador V Con mango Ergonómico;Peladores y pelapapas;;;;;
569;Pelanaranjas x 1 Display;Peladores y pelapapas;;;;;
520;Sacacorcho Tipo Mozo Cromado;Sacacorchos y descorchadores;;;;;
521;Sacacorcho Combinado Cromado;Sacacorchos y descorchadores;;;;;
530;Sacacorcho Tipo Mozo Color;Sacacorchos y descorchadores;;;;;
531;Sacacorcho Combinado Color;Sacacorchos y descorchadores;;;;;
529E;Sac. Doble Impulso Acero;Sacacorchos y descorchadores;;;;;
540E;Sacacorcho Premium;Sacacorchos y descorchadores;;;;;
536E;Sacacorcho Full Black;Sacacorchos y descorchadores;;;;;
539E;Sacacorcho Negro;Sacacorchos y descorchadores;;;;;
538E;Sacacorcho Azul;Sacacorchos y descorchadores;;;;;
819E;"Sacacorcho ""Fish"" 14cm";Sacacorchos y descorchadores;;;;;
522E;Sacacorcho Doble Aleta Premium;Sacacorchos y descorchadores;;;;;
523;Sacacorcho Doble Aleta;Sacacorchos y descorchadores;;;;;
585E;Sacacorcho Doble Aleta Fundicion;Sacacorchos y descorchadores;;;;;
581;Sacacorcho Mango Ergonómico;Sacacorchos y descorchadores;;;;;
525E;Sacacorcho Cabo De Madera;Sacacorchos y descorchadores;;;;;
546;Corta Queso Blandos Mango Loeke;Cortadores;;;;;
574E;Corta Queso Blandos Mango Alambre;Cortadores;;;;;
562;Corta Pizza 6cm mango Loeke;Cortadores;;;;;
564;Corta Pizza 8cm mango Madera;Cortadores;;;;;
809E;Corta Pizza mango Ergonomico 6cm;Cortadores;;;;;
811E;Corta Pizza mango Ergonomico Ø 9cm;Cortadores;;;;;
810E;Corta Queso acero inoxidable (Semiduro);Cortadores;;;;;
559;Corta Ravioles con Mango Loeke;Cortadores;;;;;
812E;Corta Huevo Marco Plástico;Cortadores;;;;;
395;Descorazonador De Manzana;Cortadores;;;;;
537;Pela y Pica ajo;Cortadores;;;;;
567;Corta Palta;Cortadores;;;;;
321;Rallador Cilíndrico 21cm;Ralladores y mandolinas;;;;;
323E;Rallador Mini;Ralladores y mandolinas;;;;;
817E;Rallador C/mango Ergonómico;Ralladores y mandolinas;;;;;
368E;Rallador Hexagonal inoxidable 25cm;Ralladores y mandolinas;;;;;
360E;Rallador 4 Lados A/L mango plástico;Ralladores y mandolinas;;;;;
328E;Rallador Plano 3 Usos acero inoxidable;Ralladores y mandolinas;;;;;
361E;Rallador 4 lados acero inoxidable;Ralladores y mandolinas;;;;;
363E;Rallador Gourmet Grano Fino;Ralladores y mandolinas;;;;;
366E;Rallador Cónico acero inoxidable;Ralladores y mandolinas;;;;;
367E;Rallador Hexagonal;Ralladores y mandolinas;;;;;
870E;Mandolina 3 Grosores;Ralladores y mandolinas;;;;;
031;Filtro De Café 10cm;Coladores y filtros;;;;;
034;Filtro De Café Gastro 14cm;Coladores y filtros;;;;;
026;Colador Ø 8cm;Coladores y filtros;;;;;
027;Colador Ø 10cm;Coladores y filtros;;;;;
437E;Colador Ø 16cm;Coladores y filtros;;;;;
438E;Colador Ø 20cm;Coladores y filtros;;;;;
439E;Colador Pasta;Coladores y filtros;;;;;
440E;Colador Extensible 25x34/57cm;Coladores y filtros;;;;;
260E;Infusor de Te;Coladores y filtros;;;;;
441;Colador de Pasta Plástico;Coladores y filtros;;;;;
035E;Cernidor de Harina;Coladores y filtros;;;;;
504;Afila Cuchillos;Afiladores de cuchillos;;;;;
404E;Afila Cuchillos Premium;Afiladores de cuchillos;;;;;
981E;Espátula Lisa Linea Premium;Utensilios de cocina;;;;;
982E;Cuchara Linea Premium;Utensilios de cocina;;;;;
983E;Cucharón Linea Premium;Utensilios de cocina;;;;;
984E;Cuchara Fideos Linea Premium;Utensilios de cocina;;;;;
985E;Espatula Calada Linea Premium;Utensilios de cocina;;;;;
980E;Tenedor Ensalada Linea Premium;Utensilios de cocina;;;;;
988E;Espumadera Linea Premium;Utensilios de cocina;;;;;
952E;Cuchara Silicona mango Bambú;Utensilios de cocina;;;;;
955E;Espátula Silicona mango Bambú;Utensilios de cocina;;;;;
953E;Cucharón Silicona mango Bambú;Utensilios de cocina;;;;;
951E;Espátula Lisa Silicona mango Bambú;Utensilios de cocina;;;;;
954E;Pinza Fideos Silicona mango Bambú;Utensilios de cocina;;;;;
956E;Cuchara Calada Silicona mango Bambú;Utensilios de cocina;;;;;
957E;Batidor Pera Silicona mango Bambú;Utensilios de cocina;;;;;
958E;Pincel Silicona mango Bambú;Utensilios de cocina;;;;;
935E;Espátula Calada Nylon mango Madera;Utensilios de cocina;;;;;
936E;Espumadera Nylon mango Madera;Utensilios de cocina;;;;;
937E;Batidor Pera Nylon mango Madera;Utensilios de cocina;;;;;
932E;Cuchara Nylon mango Madera;Utensilios de cocina;;;;;
933E;Cucharon Nylon mango Madera;Utensilios de cocina;;;;;
934E;Cuchara Fideos Nylon mango Mad;Utensilios de cocina;;;;;
931E;Espátula Lisa Nylon mango Mad;Utensilios de cocina;;;;;
942E;Cuchara acero inoxidable;Utensilios de cocina;;;;;
943E;Cucharon acero inoxidable;Utensilios de cocina;;;;;
944E;Cuchara Fideos acero inoxidable;Utensilios de cocina;;;;;
945E;Espátula Calada acero inoxidable;Utensilios de cocina;;;;;
941E;Espátula Lisa acero inoxidable;Utensilios de cocina;;;;;
946E;Cuchara Calada acero inoxidable;Utensilios de cocina;;;;;
948E;Espumadera acero inoxidable;Utensilios de cocina;;;;;
315;Pisa Papas Acero inoxidable;Utensilios de cocina;;;;;
335;Cuchara Calada acero inoxidable;Utensilios de cocina;;;;;
332;Espatula Calada acero inoxidable;Utensilios de cocina;;;;;
338;Espatula Lisa acero inoxidable;Utensilios de cocina;;;;;
570;Pala De Canelones;Utensilios de cocina;;;;;
337;Pinche acero inoxidable;Utensilios de cocina;;;;;
355;Pisa Papas Nylon con mango;Utensilios de cocina;;;;;
393;Espátula Calada Nylon 1 Pza;Utensilios de cocina;;;;;
394;Espátula Lisa Nylon 1 Pza;Utensilios de cocina;;;;;
392;Cucharon Nylon 1 Pza;Utensilios de cocina;;;;;
390;Cuchara Calada Nylon 1 Pza;Utensilios de cocina;;;;;
391;Cuchara Fideos Nylon 1 Pza;Utensilios de cocina;;;;;
601E;Pinza Acero 30 cm;Pinzas de cocina;;;;;
606E;Pinza 30 cm acero inoxidable con  Silic;Pinzas de cocina;;;;;
607E;Pinza Hielo 15 cm;Pinzas de cocina;;;;;
560;Pinza Corta Alambre 21cm;Pinzas de cocina;;;;;
594;Pinza De Fideos mango Plástico 25cm;Pinzas de cocina;;;;;
595;Pinza De Fiambre mango Plástico 23cm;Pinzas de cocina;;;;;
596;Pinza De Ensalada mango Plástico 23cm;Pinzas de cocina;;;;;
517;Pinza Acero inoxidable 25cm;Pinzas de cocina;;;;;
499;Llavero Destapador Pie Color;Destapadores;;;;;
498;Llavero Destapador Pie Cromado;Destapadores;;;;;
057;Destapa Corona x1 Cromado;Destapadores;;;;;
056E;Llavero Destapacorona Económico;Destapadores;;;;;
514E;Llavero Destapacorona Suelto;Destapadores;;;;;
516;Destapa Corona x1 Cromado Suelto;Destapadores;;;;;
575;Tapón De Vino/Cerveza x1 Negro;Tapones de vino y cerveza;;;;;
577;Tapón De Vino/Cerveza x1 Prem;Tapones de vino y cerveza;;;;;
579;Tapón De Vino/Cerveza x1 Color;Tapones de vino y cerveza;;;;;
544;Batidor Pera Alambre;Repostería;;;;;
580;Batidor Mini;Repostería;;;;;
969E;Batidor Silicona;Repostería;;;;;
970E;Cuchara Silicona;Repostería;;;;;
971E;Espátula Silicona;Repostería;;;;;
960E;Pincel Silicona 52 g;Repostería;;;;;
280;Manga Repostera + 4 Boquillas;Repostería;;;;;
590E;Pincel Silicona 11 g;Repostería;;;;;
325;Espatula Repostera plástico 1 Pza;Repostería;;;;;
590ES;Pincel Silicona 11 g Suelto;Repostería;;;;;
326;Corta Torta Plástica 3 Usos;Repostería;;;;;
312;Pala De Torta Acero inoxidable;Repostería;;;;;
547;Corta Torta;Repostería;;;;;
509;Pala Batidora;Repostería;;;;;
515;Batidor Resorte;Repostería;;;;;
311;Cuchillo De Torta acero inoxidable;Repostería;;;;;
208;Cucharita 13cm Azucarera Madera;Utensilios de madera;;;;;
223;Cuchara Madera 25 Cm;Utensilios de madera;;;;;
224;Cuchara Madera 30 Cm;Utensilios de madera;;;;;
248;Cuchara Nylon Reforzada 33 Cm;Utensilios de madera;;;;;
225;Cuchara Madera 35 Cm;Utensilios de madera;;;;;
220;Cuchara Madera 40 Cm;Utensilios de madera;;;;;
221;Cuchara Madera 45 Cm;Utensilios de madera;;;;;
207;Ñoquera Madera mango Redondo;Utensilios de madera;;;;;
229;Ñoquera Madera;Utensilios de madera;;;;;
234;Palo de Amasar Frances 40 cm;Utensilios de madera;;;;;
246;Prensa Matambre;Utensilios de madera;;;;;
222;Bate Bife Madera;Utensilios de madera;;;;;
231;Palo de Amasar 30cm;Utensilios de madera;;;;;
232;Palo de Amasar 40cm;Utensilios de madera;;;;;
233;Palo de Amasar 50cm;Utensilios de madera;;;;;
557;Bombilla Resorte Chata;Mate y bombillas;;;;;
558;Bombilla Resorte Tradicional;Mate y bombillas;;;;;
659;Bombilla Pico de Loro Acero inoxidable;Mate y bombillas;;;;;
654;Bombilla Autolimpiante inoxidable;Mate y bombillas;;;;;
658;Bombilla Plana Ancha Metalizada;Mate y bombillas;;;;;
573;Bombilla Colores Metalizados;Mate y bombillas;;;;;
255;Mate inoxidable Térmico;Mate y bombillas;;;;;
256;Mate Madera Cerámica;Mate y bombillas;;;;;
591;Despolvillador de Yerba;Mate y bombillas;;;;;
555;Cepillo Limpia Bombilla;Mate y bombillas;;;;;
550;Filtro Para Bombillas;Mate y bombillas;;;;;
556;Sacayerba;Mate y bombillas;;;;;
508;Sacafuentes Articulado;Accesorios de cocina;;;;;
518;Sacafuente Pizzero;Accesorios de cocina;;;;;
542;Ahueca Papas;Accesorios de cocina;;;;;
543;Ahueca Frutas;Accesorios de cocina;;;;;
541E;Prensa Ajo;Accesorios de cocina;;;;;
299;Muñeco Silicona Antiderrame;Accesorios de cocina;;;;;
823;Exprimidor De Cítricos;Accesorios de cocina;;;;;
507;Rompenueces;Accesorios de cocina;;;;;
534;Cepillo Lavavajilla;Accesorios de cocina;;;;;
535;Cepillo Limpia Vaso y Mamadera;Accesorios de cocina;;;;;
532;Cuchara De Helado;Accesorios de cocina;;;;;
058;Cierra Bolsa x2;Accesorios de cocina;;;;;
396;Enrulador de Manteca;Accesorios de cocina;;;;;
582E;Salero 90 ml;Vidrio;;;;;
583E;Especiero Tapa Bamboo;Vidrio;;;;;
584E;Aceitera 400 ml;Vidrio;;;;;
566E;Aceitera 100 ml;Vidrio;;;;;
551;Cuchillo De Untar mango plástico x2;Cuchillos de untar;;;;;
059;Cuchillo de Untar Plástico x2;Cuchillos de untar;;;;;
519;Cuchillo Untar mango Madera x2;Cuchillos de untar;;;;;
071;Bowl Multi Uso 330ml;Contenedores;;;;;
070;Set Tapers 0.8 L / 1.5 L / 3 L;Contenedores;;;;;
989E;Rallador de Limón mango Acacia;Línea Acacia;;;;;
990E;Corta Ravioles mango Acacia;Línea Acacia;;;;;
992E;Batidor Pera mango Acacia;Línea Acacia;;;;;
993E;Pelador V mango Acacia;Línea Acacia;;;;;
996E;Corta Pizza 9cm mango Acacia;Línea Acacia;;;;;
997E;Rallador 3 En 1 mango Acacia;Línea Acacia;;;;;
998E;Abrelatas Doble Engranaje mango Acacia;Línea Acacia;;;;;
